Year,CountyCode,County,HarvestedAcres,Yield,Production,Price
2020,1,Alameda,2530.0,5.14,13000.0,1497.69
2020,5,Amador,5360.0,2.31,12400.0,1318.31
2020,9,Calaveras,579.0,3.06,1770.0,1325.99
2020,11,Colusa,747.0,6.02,4500.0,684.67
2020,13,ContraCosta,1940.0,4.69,9090.0,751.27
2020,17,ElDorado,2620.0,2.38,6240.0,1548.56
2020,19,Fresno,56900.0,12.13,690000.0,362.14
2020,29,Kern,25200.0,7.54,190000.0,314.04
2020,31,Kings,3590.0,16.46,59100.0,286.87
2020,33,Lake,9580.0,4.12,39500.0,1329.37
2020,39,Madera,33000.0,11.82,390000.0,348.98
2020,41,Marin,195.0,1.33,260.0,3607.69
2020,45,Mendocino,16400.0,3.37,55200.0,1488.8
2020,47,Merced,13200.0,10.91,144000.0,440.41
2020,53,Monterey,44900.0,2.1,94300.0,1123.98
2020,55,Napa,45200.0,2.2,99300.0,4646.48
2020,57,Nevada,408.0,,,
2020,61,Placer,315.0,2.79,879.0,2235.49
2020,65,Riverside,1740.0,6.72,11700.0,1623.93
2020,67,Sacramento,36000.0,8.19,295000.0,528.73
2020,69,SanBenito,4740.0,5.23,24800.0,1402.14
2020,71,SanBernardino,372.0,0.61,227.0,1938.33
2020,73,SanDiego,1370.0,2.24,3070.0,1695.77
2020,77,SanJoaquin,91200.0,6.67,608000.0,560.71
2020,79,SanLuisObispo,43800.0,3.04,133000.0,1640.89
2020,81,SanMateo,176.0,,,
2020,83,SantaBarbara,14400.0,2.97,42800.0,2192.43
2020,85,SantaClara,1730.0,3.49,6040.0,1983.77
2020,87,SantaCruz,670.0,2.39,1600.0,3008.75
2020,89,Shasta,200.0,2.5,500.0,1000.0
2020,95,Solano,4000.0,5.6,22400.0,945.94
2020,97,Sonoma,56800.0,2.61,148000.0,2375.08
2020,99,Stanislaus,8500.0,9.49,80700.0,440.61
2020,103,Tehama,138.0,4.23,584.0,1804.79
2020,107,Tulare,6500.0,17.23,112000.0,317.0
2020,113,Yolo,19200.0,7.81,150000.0,699.67
2019,1,Alameda,3390.0,5.34,18100.0,1503.04
2019,5,Amador,4880.0,3.55,17300.0,1250.0
2019,9,Calaveras,711.0,4.5,3200.0,1419.69
2019,11,Colusa,1890.0,8.84,16700.0,806.35
2019,13,ContraCosta,2140.0,5.47,11700.0,809.4
2019,17,ElDorado,2640.0,2.66,7020.0,1722.51
2019,19,Fresno,53500.0,13.83,740000.0,343.65
2019,29,Kern,28500.0,8.46,241000.0,238.81
2019,31,Kings,3670.0,17.19,63100.0,268.86
2019,33,Lake,9340.0,5.05,47200.0,1773.62
2019,39,Madera,34100.0,11.26,384000.0,340.01
2019,41,Marin,195.0,2.08,406.0,3371.92
2019,43,Mariposa,73.0,0.52,38.0,1263.16
2019,45,Mendocino,16500.0,4.11,67800.0,1678.6
2019,47,Merced,13200.0,11.36,150000.0,398.3
2019,53,Monterey,44700.0,2.95,132000.0,1409.82
2019,55,Napa,44200.0,3.62,160000.0,5862.26
2019,57,Nevada,416.0,3.92,1630.0,1564.42
2019,61,Placer,307.0,3.75,1150.0,1386.09
2019,65,Riverside,1730.0,3.82,6600.0,2503.64
2019,67,Sacramento,35500.0,8.9,316000.0,555.13
2019,69,SanBenito,4740.0,4.62,21900.0,1526.21
2019,71,SanBernardino,219.0,1.38,302.0,1231.79
2019,73,SanDiego,1510.0,2.38,3600.0,1550.0
2019,77,SanJoaquin,95900.0,7.11,682000.0,546.14
2019,79,SanLuisObispo,48400.0,3.1,150000.0,1695.15
2019,81,SanMateo,181.0,,,
2019,83,SantaBarbara,14900.0,3.37,50200.0,2113.13
2019,85,SantaClara,1700.0,3.4,5780.0,1997.4
2019,87,SantaCruz,679.0,2.55,1730.0,3384.97
2019,89,Shasta,170.0,1.7,289.0,1000.0
2019,95,Solano,3730.0,5.47,20400.0,1058.19
2019,97,Sonoma,57500.0,4.0,230000.0,2843.57
2019,99,Stanislaus,9230.0,9.17,84600.0,481.54
2019,103,Tehama,162.0,3.36,544.0,1604.78
2019,105,Trinity,44.0,1.93,85.0,1729.41
2019,107,Tulare,6260.0,18.69,117000.0,290.0
2019,113,Yolo,19100.0,7.17,137000.0,789.36
2018,1,Alameda,3390.0,5.34,18100.0,1503.04
2018,5,Amador,4910.0,3.71,18200.0,1362.09
2018,9,Calaveras,711.0,3.21,2280.0,1486.84
2018,11,Colusa,1970.0,8.22,16200.0,853.46
2018,13,ContraCosta,2440.0,5.29,12900.0,897.83
2018,17,ElDorado,2670.0,2.57,6850.0,1630.51
2018,19,Fresno,59500.0,12.92,769000.0,373.14
2018,29,Kern,29200.0,9.45,276000.0,299.0
2018,31,Kings,3670.0,15.07,55300.0,293.16
2018,33,Lake,9250.0,5.02,46400.0,1755.82
2018,39,Madera,34800.0,11.15,388000.0,323.02
2018,41,Marin,195.0,1.96,382.0,3201.57
2018,43,Mariposa,73.0,0.52,38.0,1263.16
2018,45,Mendocino,16700.0,4.9,81900.0,1684.4
2018,47,Merced,13400.0,9.7,130000.0,392.85
2018,53,Monterey,44900.0,4.01,180000.0,1376.43
2018,55,Napa,43400.0,4.26,185000.0,5614.05
2018,57,Nevada,416.0,4.52,1880.0,1284.57
2018,61,Placer,293.0,3.65,1070.0,1355.14
2018,65,Riverside,2310.0,3.81,8800.0,1623.52
2018,67,Sacramento,36400.0,8.79,320000.0,583.68
2018,69,SanBenito,4740.0,4.77,22600.0,1500.66
2018,71,SanBernardino,223.0,0.35,78.0,1205.13
2018,73,SanDiego,1640.0,2.0,3280.0,1399.7
2018,77,SanJoaquin,97200.0,7.73,751000.0,573.23
2018,79,SanLuisObispo,42900.0,4.13,177000.0,1559.33
2018,81,SanMateo,126.0,,,
2018,83,SantaBarbara,16200.0,3.65,59100.0,2052.57
2018,85,SantaClara,1670.0,3.74,6250.0,1797.6
2018,87,SantaCruz,630.0,2.27,1430.0,2934.97
2018,89,Shasta,170.0,2.6,442.0,1138.01
2018,95,Solano,3720.0,6.45,24000.0,1225.17
2018,97,Sonoma,59900.0,4.61,276000.0,2817.66
2018,103,Tehama,141.0,5.16,728.0,1837.91
2018,105,Trinity,44.0,1.93,85.0,1729.41
2018,107,Tulare,8410.0,17.72,149000.0,314.0
2018,113,Yolo,14800.0,6.53,96600.0,865.38
2017,1,Alameda,2420.0,5.08,12300.0,1447.32
2017,5,Amador,4570.0,3.54,16200.0,1418.7
2017,9,Calaveras,683.0,2.94,2010.0,1479.1
2017,11,Colusa,1670.0,10.42,17400.0,773.1
2017,13,ContraCosta,2550.0,5.06,12900.0,924.03
2017,17,ElDorado,2340.0,2.53,5930.0,1503.2
2017,19,Fresno,59700.0,13.32,795000.0,361.02
2017,29,Kern,32200.0,8.6,277000.0,311.22
2017,31,Kings,3600.0,15.64,56300.0,287.14
2017,33,Lake,8230.0,5.65,46500.0,1691.27
2017,39,Madera,36800.0,10.65,392000.0,304.11
2017,41,Marin,195.0,1.49,291.0,3072.16
2017,43,Mariposa,73.0,0.52,38.0,1263.16
2017,45,Mendocino,16900.0,3.39,57300.0,1540.79
2017,47,Merced,13600.0,10.37,141000.0,349.32
2017,53,Monterey,44300.0,3.86,171000.0,1397.82
2017,55,Napa,43600.0,3.26,142000.0,5287.55
2017,57,Nevada,416.0,3.65,1520.0,1287.5
2017,61,Placer,270.0,3.01,814.0,1371.01
2017,65,Riverside,2530.0,3.44,8700.0,1520.34
2017,67,Sacramento,35300.0,7.79,275000.0,618.84
2017,69,SanBenito,4380.0,4.86,21300.0,1460.89
2017,71,SanBernardino,268.0,1.69,454.0,663.0
2017,73,SanDiego,1210.0,2.3,2780.0,1386.33
2017,77,SanJoaquin,98100.0,6.79,666000.0,593.91
2017,79,SanLuisObispo,42200.0,3.89,164000.0,1632.09
2017,81,SanMateo,164.0,,,
2017,83,SantaBarbara,21600.0,3.37,72700.0,2010.04
2017,85,SantaClara,1600.0,3.44,5510.0,1827.04
2017,87,SantaCruz,638.0,2.35,1500.0,3226.67
2017,89,Shasta,170.0,2.5,425.0,1134.12
2017,95,Solano,4110.0,4.62,19000.0,1072.05
2017,97,Sonoma,60000.0,3.43,206000.0,2807.34
2017,105,Trinity,44.0,1.93,85.0,1729.41
2017,107,Tulare,9450.0,17.35,164000.0,308.0
2017,113,Yolo,14800.0,6.89,102000.0,843.25
2016,1,Alameda,2630.0,4.83,12700.0,1432.2
2016,5,Amador,4260.0,3.17,13500.0,1335.41
2016,9,Calaveras,696.0,2.89,2010.0,1375.62
2016,11,Colusa,1390.0,10.36,14400.0,542.15
2016,13,ContraCosta,2500.0,5.04,12600.0,1096.03
2016,17,ElDorado,2340.0,2.58,6030.0,1449.59
2016,19,Fresno,75500.0,10.0,755000.0,382.85
2016,29,Kern,29700.0,7.85,233000.0,298.54
2016,31,Kings,3730.0,13.62,50800.0,286.22
2016,33,Lake,8230.0,5.65,46500.0,1691.27
2016,39,Madera,37300.0,11.23,419000.0,314.01
2016,41,Marin,182.0,1.37,250.0,3468.0
2016,43,Mariposa,73.0,0.52,38.0,1263.16
2016,45,Mendocino,16900.0,3.39,57300.0,1540.79
2016,47,Merced,13600.0,11.18,152000.0,525.6
2016,53,Monterey,44800.0,3.84,172000.0,1388.91
2016,55,Napa,43400.0,3.53,153000.0,4768.02
2016,57,Nevada,417.0,3.33,1390.0,1386.33
2016,61,Placer,265.0,3.11,823.0,1245.44
2016,65,Riverside,2630.0,2.09,5500.0,1746.18
2016,67,Sacramento,33900.0,8.5,288000.0,639.59
2016,69,SanBenito,4380.0,4.86,21300.0,1460.89
2016,71,SanBernardino,268.0,0.72,192.0,1463.54
2016,73,SanDiego,930.0,2.71,2520.0,1192.46
2016,77,SanJoaquin,98000.0,7.31,716000.0,594.67
2016,79,SanLuisObispo,40300.0,3.87,156000.0,1557.05
2016,81,SanMateo,152.0,,,
2016,83,SantaBarbara,21300.0,3.87,82500.0,1837.94
2016,85,SantaClara,1580.0,2.84,4490.0,1703.56
2016,87,SantaCruz,626.0,2.43,1520.0,2988.82
2016,89,Shasta,160.0,1.7,272.0,1110.29
2016,95,Solano,4110.0,5.79,23800.0,821.85
2016,97,Sonoma,60000.0,3.77,226000.0,2595.21
2016,105,Trinity,44.0,1.93,85.0,1729.41
2016,107,Tulare,9940.0,15.29,152000.0,303.0
2016,113,Yolo,14500.0,7.1,103000.0,788.97
2015,1,Alameda,2400.0,4.14,9940.0,1529.98
2015,5,Amador,4530.0,2.49,11300.0,1294.78
2015,9,Calaveras,900.0,1.9,1710.0,1300.0
2015,11,Colusa,1820.0,8.35,15200.0,463.82
2015,13,ContraCosta,1900.0,4.44,8430.0,874.02
2015,17,ElDorado,2220.0,2.42,5370.0,1508.19
2015,19,Fresno,60200.0,12.79,770000.0,312.55
2015,29,Kern,30000.0,8.63,259000.0,303.26
2015,31,Kings,3330.0,12.19,40600.0,261.01
2015,33,Lake,8060.0,4.81,38800.0,1633.76
2015,39,Madera,39000.0,11.44,446000.0,302.0
2015,41,Marin,175.0,0.59,103.0,3368.93
2015,43,Mariposa,73.0,0.52,38.0,1263.16
2015,45,Mendocino,16900.0,3.39,57300.0,1540.79
2015,47,Merced,13700.0,9.2,126000.0,424.01
2015,53,Monterey,44300.0,3.16,140000.0,1328.04
2015,55,Napa,43000.0,2.88,124000.0,4410.76
2015,57,Nevada,352.0,1.87,659.0,1349.01
2015,61,Placer,215.0,1.63,350.0,1488.57
2015,65,Riverside,2630.0,3.8,10000.0,1363.9
2015,67,Sacramento,31200.0,7.12,222000.0,577.18
2015,69,SanBenito,4120.0,3.37,13900.0,1321.8
2015,71,SanBernardino,373.0,0.46,171.0,608.19
2015,73,SanDiego,969.0,3.0,2910.0,1454.64
2015,77,SanJoaquin,97900.0,6.23,610000.0,576.15
2015,79,SanLuisObispo,39000.0,2.53,98800.0,1482.14
2015,81,SanMateo,165.0,,,
2015,83,SantaBarbara,21300.0,3.12,66400.0,1599.37
2015,85,SantaClara,1540.0,2.09,3220.0,1710.87
2015,87,SantaCruz,656.0,1.26,827.0,2844.01
2015,89,Shasta,160.0,1.2,192.0,817.71
2015,95,Solano,4440.0,4.03,17900.0,837.32
2015,97,Sonoma,58200.0,3.14,183000.0,2440.1
2015,107,Tulare,8860.0,16.25,144000.0,297.0
2015,113,Yolo,13300.0,6.84,91000.0,774.31
2014,1,Alameda,2420.0,4.38,10600.0,1486.42
2014,5,Amador,3900.0,3.18,12400.0,1271.85
2014,9,Calaveras,900.0,2.18,1960.0,1391.33
2014,11,Colusa,2170.0,8.29,18000.0,548.61
2014,17,ElDorado,2110.0,2.53,5340.0,1420.04
2014,19,Fresno,58700.0,11.24,660000.0,391.95
2014,29,Kern,27800.0,9.82,273000.0,314.21
2014,31,Kings,4800.0,11.96,57400.0,289.79
2014,33,Lake,8070.0,4.8,38700.0,1521.11
2014,39,Madera,40300.0,9.73,392000.0,336.81
2014,41,Marin,175.0,1.86,325.0,2163.08
2014,43,Mariposa,77.0,0.77,59.0,1118.64
2014,45,Mendocino,16900.0,3.67,62000.0,1511.15
2014,47,Merced,12900.0,8.6,111000.0,300.92
2014,53,Monterey,46000.0,4.35,200000.0,1236.79
2014,55,Napa,43600.0,4.04,176000.0,4061.43
2014,57,Nevada,342.0,3.86,1320.0,1341.67
2014,61,Placer,212.0,2.57,545.0,1390.83
2014,65,Riverside,2720.0,3.93,10700.0,1274.3
2014,67,Sacramento,30000.0,7.5,225000.0,581.62
2014,69,SanBenito,4470.0,2.86,12800.0,1198.05
2014,71,SanBernardino,270.0,0.53,144.0,798.61
2014,73,SanDiego,923.0,4.6,4250.0,1545.41
2014,77,SanJoaquin,102000.0,8.0,816000.0,590.0
2014,79,SanLuisObispo,37400.0,3.82,143000.0,1425.07
2014,81,SanMateo,154.0,,,
2014,83,SantaBarbara,21100.0,4.29,90600.0,1713.64
2014,85,SantaClara,1600.0,3.53,5640.0,1483.69
2014,87,SantaCruz,654.0,2.55,1670.0,2921.56
2014,89,Shasta,160.0,2.9,464.0,1133.62
2014,95,Solano,4380.0,5.25,23000.0,766.13
2014,97,Sonoma,58300.0,4.39,256000.0,2315.62
2014,107,Tulare,11200.0,15.98,179000.0,311.0
2014,113,Yolo,12600.0,7.37,92800.0,743.1
2013,1,Alameda,2800.0,5.82,16300.0,979.45
2013,5,Amador,4040.0,3.61,14600.0,1281.71
2013,9,Calaveras,910.0,2.7,2460.0,1388.21
2013,11,Colusa,2460.0,8.29,20400.0,638.82
2013,17,ElDorado,2120.0,2.71,5740.0,1395.64
2013,19,Fresno,54571.0,13.12,716000.0,409.68
2013,29,Kern,27200.0,11.18,304000.0,408.35
2013,31,Kings,4280.0,13.62,58300.0,326.9
2013,33,Lake,8250.0,5.28,43600.0,1406.88
2013,39,Madera,40000.0,11.05,442000.0,383.71
2013,41,Marin,175.0,1.75,306.0,2856.21
2013,43,Mariposa,110.0,1.15,127.0,1283.46
2013,45,Mendocino,16800.0,4.64,77900.0,1452.37
2013,47,Merced,12400.0,12.02,149000.0,424.19
2013,51,Mono,25.0,3.0,75.0,637.33
2013,53,Monterey,43000.0,4.3,185000.0,1226.93
2013,55,Napa,43600.0,4.01,175000.0,3749.91
2013,57,Nevada,424.0,2.92,1240.0,1521.77
2013,61,Placer,211.0,3.55,750.0,1225.33
2013,65,Riverside,2670.0,4.01,10700.0,1274.21
2013,67,Sacramento,29000.0,8.41,244000.0,533.26
2013,69,SanBenito,3890.0,4.06,15800.0,1377.97
2013,71,SanBernardino,270.0,0.69,185.0,978.38
2013,73,SanDiego,842.0,5.0,4210.0,1547.03
2013,77,SanJoaquin,96400.0,8.93,861000.0,576.5
2013,79,SanLuisObispo,36300.0,4.55,165000.0,1335.48
2013,81,SanMateo,153.0,,,
2013,83,SantaBarbara,21000.0,4.16,87400.0,1869.13
2013,85,SantaClara,1590.0,3.84,6100.0,1442.95
2013,87,SantaCruz,656.0,2.71,1780.0,2584.83
2013,89,Shasta,160.0,2.0,320.0,1162.5
2013,95,Solano,3910.0,5.42,21200.0,848.92
2013,97,Sonoma,59800.0,4.53,271000.0,2232.72
2013,105,Trinity,114.0,2.33,266.0,1214.29
2013,107,Tulare,10900.0,16.24,177000.0,368.0
2013,113,Yolo,13000.0,7.77,101000.0,688.05
2012,1,Alameda,2940.0,3.74,11000.0,1251.27
2012,5,Amador,4000.0,3.25,13000.0,1183.38
2012,9,Calaveras,910.0,2.5,2275.0,1236.92
2012,11,Colusa,2450.0,10.29,25200.0,594.56
2012,17,ElDorado,2060.0,2.75,5675.0,1378.68
2012,19,Fresno,86700.0,10.38,900000.0,385.48
2012,29,Kern,35800.0,10.59,379000.0,382.74
2012,31,Kings,4110.0,12.9,53000.0,315.06
2012,33,Lake,8160.0,4.26,34800.0,1375.86
2012,39,Madera,51100.0,10.84,554000.0,374.78
2012,41,Marin,186.0,2.08,387.0,3170.54
2012,43,Mariposa,104.0,0.99,103.0,1135.92
2012,45,Mendocino,16800.0,4.23,71100.0,1438.9
2012,47,Merced,12200.0,11.23,137000.0,421.8
2012,51,Mono,3.0,25.0,75.0,653.33
2012,53,Monterey,45100.0,3.81,172000.0,1247.49
2012,55,Napa,43200.0,4.24,183000.0,3585.99
2012,57,Nevada,312.0,2.75,858.0,1393.94
2012,61,Placer,197.0,3.55,699.0,1100.14
2012,65,Riverside,2740.0,3.15,8620.0,1240.37
2012,67,Sacramento,32400.0,8.09,262000.0,570.74
2012,69,SanBenito,3650.0,4.77,17400.0,1097.53
2012,71,SanBernardino,317.0,2.01,638.0,598.75
2012,73,SanDiego,752.0,6.4,4810.0,1149.69
2012,77,SanJoaquin,109000.0,8.18,892000.0,605.72
2012,79,SanLuisObisp,36600.0,4.1,150000.0,1319.6
2012,81,SanMateo,131.0,,,
2012,83,SantaBarbara,20500.0,3.26,66800.0,1363.88
2012,85,SantaClara,1580.0,3.92,6190.0,1170.92
2012,87,SantaCruz,630.0,3.16,1990.0,2701.01
2012,89,Shasta,160.0,1.5,240.0,975.0
2012,95,Solano,4040.0,5.89,23800.0,831.01
2012,97,Sonoma,58300.0,4.58,267000.0,2183.3
2012,105,Trinity,114.0,2.33,266.0,1214.29
2012,107,Tulare,15900.0,13.65,217000.0,348.53
2012,113,Yolo,12200.0,7.84,95700.0,692.72
2011,1,Alameda,2650.0,3.47,9190.0,1296.63
2011,5,Amador,3480.0,2.93,10200.0,1144.71
2011,9,Calaveras,900.0,2.4,2160.0,1350.0
2011,11,Colusa,2400.0,7.25,17400.0,615.52
2011,17,ElDorado,2010.0,2.12,4270.0,1203.04
2011,19,Fresno,68900.0,13.13,905000.0,335.5
2011,29,Kern,35000.0,11.66,408000.0,331.26
2011,31,Kings,3590.0,15.1,54200.0,308.67
2011,33,Lake,8180.0,4.16,34000.0,1176.26
2011,39,Madera,48900.0,10.82,529000.0,307.56
2011,41,Marin,186.0,1.03,191.0,4623.04
2011,43,Mariposa,106.0,0.75,80.0,1165.0
2011,45,Mendocino,16700.0,3.44,57400.0,1247.32
2011,47,Merced,11600.0,10.09,117000.0,428.88
2011,51,Mono,4.0,23.5,94.0,670.21
2011,53,Monterey,43000.0,2.88,124000.0,1136.9
2011,55,Napa,43600.0,2.8,122000.0,3470.84
2011,57,Nevada,343.0,5.19,1780.0,1101.12
2011,61,Placer,190.0,1.94,368.0,1089.67
2011,65,Riverside,2772.0,2.3,6380.0,1050.31
2011,67,Sacramento,27200.0,6.51,177000.0,525.01
2011,69,SanBenito,3650.0,3.75,13700.0,1026.06
2011,71,SanBernardino,317.0,2.23,708.0,382.77
2011,73,SanDiego,416.0,2.0,832.0,1086.54
2011,77,SanJoaquin,92600.0,5.6,519000.0,550.56
2011,79,SanLuisObispo,35100.0,3.28,115000.0,1128.16
2011,81,SanMateo,135.0,,,
2011,83,SantaBarbara,20500.0,2.93,60100.0,1280.52
2011,85,SantaClara,1550.0,3.17,4910.0,1344.4
2011,87,SantaCruz,644.0,1.04,670.0,2398.51
2011,89,Shasta,150.0,2.4,360.0,1050.0
2011,95,Solano,3900.0,3.67,14300.0,728.6
2011,97,Sonoma,58100.0,2.87,167000.0,2078.32
2011,105,Trinity,114.0,2.33,266.0,1214.29
2011,107,Tulare,21700.0,11.89,258000.0,306.47
2011,113,Yolo,12000.0,6.8,81600.0,597.51
2011,115,Yuba,57.0,2.19,125.0,1144.0
2010,1,Alameda,2240.0,5.63,12600.0,906.27
2010,5,Amador,3430.0,2.92,10000.0,1038.3
2010,9,Calaveras,800.0,3.0,2400.0,1300.0
2010,17,ElDorado,1950.0,2.39,4670.0,1049.04
2010,19,Fresno,60100.0,14.69,883000.0,279.97
2010,29,Kern,34100.0,13.26,452000.0,264.38
2010,31,Kings,4130.0,11.84,48900.0,255.32
2010,33,Lake,7940.0,4.04,32100.0,1109.66
2010,39,Madera,47600.0,10.4,495000.0,243.46
2010,41,Marin,186.0,1.11,207.0,5125.6
2010,43,Mariposa,95.0,1.03,98.0,820.41
2010,45,Mendocino,16700.0,3.95,65900.0,1121.46
2010,47,Merced,11200.0,9.02,101000.0,334.29
2010,51,Mono,25.0,3.52,88.0,647.73
2010,53,Monterey,43300.0,4.09,177000.0,976.93
2010,55,Napa,43300.0,3.21,139000.0,3265.35
2010,57,Nevada,236.0,3.12,736.0,1402.17
2010,61,Placer,226.0,2.0,452.0,1070.8
2010,65,Riverside,2100.0,3.2,6710.0,1093.74
2010,67,Sacramento,24600.0,8.41,207000.0,447.13
2010,69,SanBenito,3690.0,5.12,18900.0,894.66
2010,71,SanBernardino,546.0,1.15,626.0,538.34
2010,73,SanDiego,447.0,1.7,760.0,1032.89
2010,77,SanJoaquin,95100.0,5.7,542000.0,456.9
2010,79,SanLuisObispo,33800.0,5.15,174000.0,997.46
2010,81,SanMateo,137.0,,,
2010,83,SantaBarbara,21800.0,3.79,82700.0,1177.45
2010,85,SantaClara,1530.0,3.59,5490.0,1285.79
2010,87,SantaCruz,607.0,2.22,1350.0,2271.11
2010,89,Shasta,160.0,3.8,608.0,1049.34
2010,95,Solano,3620.0,3.76,13600.0,681.99
2010,97,Sonoma,56500.0,3.4,192000.0,2033.58
2010,105,Trinity,114.0,2.33,266.0,1214.29
2010,107,Tulare,18700.0,12.62,236000.0,260.17
2010,113,Yolo,11400.0,6.62,75500.0,604.64
2010,115,Yuba,76.0,4.3,327.0,1339.45
2009,1,Alameda,2410.0,5.02,12110.0,1158.13
2009,5,Amador,3410.0,3.2,10912.0,1046.0
2009,9,Calaveras,800.0,3.5,2800.0,1200.0
2009,17,ElDorado,1760.0,2.93,5165.0,1139.48
2009,19,Fresno,64376.0,12.48,803560.0,253.16
2009,29,Kern,34260.0,10.48,358900.0,273.03
2009,31,Kings,4122.0,12.3,50698.0,283.86
2009,33,Lake,7715.0,4.1,31623.0,1215.9
2009,39,Madera,50300.0,9.8,493153.0,241.25
2009,41,Marin,193.0,1.27,246.0,3186.59
2009,43,Mariposa,90.0,1.11,100.0,1050.0
2009,45,Mendocino,16616.0,3.59,59617.0,1316.78
2009,47,Merced,11317.0,11.36,128596.0,325.21
2009,53,Monterey,41114.0,4.99,205000.0,1161.38
2009,55,Napa,43031.0,3.32,142976.0,3462.25
2009,57,Nevada,248.0,10.44,2590.0,542.63
2009,61,Placer,211.0,2.4,506.0,997.04
2009,65,Riverside,1891.0,3.45,6524.0,1085.99
2009,67,Sacramento,25110.0,7.6,190836.0,495.5
2009,69,SanBenito,3806.0,4.75,18079.0,1042.98
2009,71,SanBernardino,246.0,2.17,534.0,1637.27
2009,73,SanDiego,489.0,1.5,734.0,1203.13
2009,77,SanJoaquin,91170.0,7.42,676410.0,419.47
2009,79,SanLuisObispo,34100.0,4.32,147380.0,1128.9
2009,81,SanMateo,135.0,,,
2009,83,SantaBarbara,22050.0,4.5,99225.0,1385.0
2009,85,SantaClara,1516.0,3.7,5609.0,1244.96
2009,87,SantaCruz,629.0,2.31,1453.0,2229.18
2009,89,Shasta,190.0,3.5,665.0,1120.0
2009,95,Solano,3731.0,4.72,17607.0,691.86
2009,97,Sonoma,56306.0,3.78,212675.0,2186.61
2009,105,Trinity,114.0,,,
2009,107,Tulare,17829.0,12.29,219160.0,252.5
2009,113,Yolo,13187.0,7.63,100643.0,560.63
2009,115,Yuba,91.0,3.87,352.0,1383.52
2008,1,Alameda,2526.0,3.73,9417.0,911.76
2008,5,Amador,3754.0,3.2,12013.0,1238.98
2008,9,Calaveras,600.0,1.95,1170.0,1100.0
2008,17,ElDorado,1901.0,2.2,4182.0,1250.38
2008,19,Fresno,69631.0,14.94,1040100.0,250.93
2008,29,Kern,36830.0,11.18,411800.0,265.52
2008,31,Kings,3831.0,9.74,37306.0,245.72
2008,33,Lake,8004.0,3.5,27974.0,1223.53
2008,39,Madera,55200.0,10.06,555466.0,250.29
2008,41,Marin,195.0,1.02,199.0,3537.19
2008,43,Mariposa,100.0,1.48,148.0,1175.68
2008,45,Mendocino,16400.0,2.79,45779.0,1355.36
2008,47,Merced,11075.0,9.73,107757.0,315.4
2008,53,Monterey,40144.0,5.01,201000.0,1185.9
2008,55,Napa,42870.0,2.7,115864.0,3451.57
2008,57,Nevada,402.0,2.96,1189.0,1280.82
2008,61,Placer,212.0,2.31,490.0,1015.71
2008,65,Riverside,2165.0,1.85,4005.0,1121.07
2008,67,Sacramento,24464.0,5.36,131125.0,513.8
2008,69,SanBenito,3806.0,3.3,12560.0,1107.01
2008,71,SanBernardino,171.0,3.89,665.0,1008.27
2008,73,SanDiego,365.0,1.7,621.0,1020.13
2008,77,SanJoaquin,89025.0,5.28,470060.0,469.39
2008,79,SanLuisObispo,34622.0,2.99,103507.0,1199.2
2008,81,SanMateo,96.0,,,
2008,83,SantaBarbara,21643.0,2.86,61797.0,1394.05
2008,85,SantaClara,1510.0,3.0,4530.0,1426.05
2008,87,SantaCruz,612.0,1.93,1181.0,2488.57
2008,95,Solano,4002.0,3.53,14137.0,782.68
2008,97,Sonoma,55431.0,3.05,168992.0,2255.09
2008,105,Trinity,114.0,,,
2008,107,Tulare,21728.0,11.94,259420.0,250.51
2008,113,Yolo,12002.0,6.45,77402.0,542.7
2008,115,Yuba,91.0,1.27,116.0,4948.28
2007,1,Alameda,1916.0,3.93,7526.0,857.69
2007,5,Amador,3697.0,3.4,12570.0,1056.98
2007,9,Calaveras,650.0,2.5,1625.0,1100.31
2007,17,ElDorado,1747.0,2.88,5029.0,1197.36
2007,19,Fresno,61224.0,11.81,722800.0,214.36
2007,29,Kern,33100.0,10.27,340000.0,218.25
2007,31,Kings,3817.0,7.52,28719.0,230.27
2007,33,Lake,7949.0,4.57,36321.0,1196.26
2007,39,Madera,53500.0,10.59,566559.0,206.58
2007,41,Marin,192.0,0.9,173.0,4368.21
2007,43,Mariposa,97.0,1.2,116.0,1206.9
2007,45,Mendocino,16342.0,3.77,61589.0,1223.41
2007,47,Merced,9819.0,6.69,65702.0,274.09
2007,53,Monterey,39636.0,5.65,224000.0,1123.23
2007,55,Napa,42338.0,3.43,145115.0,3256.77
2007,57,Nevada,385.0,4.23,1629.0,1280.91
2007,61,Placer,190.0,2.71,515.0,873.59
2007,65,Riverside,2000.0,1.7,3400.0,1184.0
2007,67,Sacramento,24637.0,7.0,172459.0,432.4
2007,69,SanBenito,3806.0,5.41,20590.0,1179.99
2007,71,SanBernardino,132.0,3.13,413.0,1519.13
2007,73,SanDiego,328.0,1.9,623.0,995.35
2007,77,SanJoaquin,88913.0,6.28,557950.0,386.08
2007,79,SanLuisObispo,34408.0,3.96,136276.0,1039.61
2007,81,SanMateo,98.0,,,
2007,83,SantaBarbara,21263.0,3.35,71231.0,1402.74
2007,85,SantaClara,1550.0,3.0,4650.0,1313.98
2007,87,SantaCruz,598.0,2.13,1274.0,2383.83
2007,95,Solano,4021.0,3.0,12083.0,669.95
2007,97,Sonoma,54899.0,3.62,198533.0,2098.14
2007,105,Trinity,114.0,,,
2007,107,Tulare,19561.0,10.25,200430.0,217.09
2007,113,Yolo,11898.0,7.13,84853.0,548.16
2007,115,Yuba,85.0,1.36,116.0,1750.0
2006,1,Alameda,2281.0,3.74,8534.0,937.97
2006,5,Amador,3701.0,3.68,13620.0,1079.98
2006,9,Calaveras,600.0,2.6,1560.0,1062.18
2006,17,ElDorado,1864.0,3.07,5720.0,1081.56
2006,19,Fresno,64116.0,8.83,566400.0,209.56
2006,29,Kern,35441.0,8.91,315620.0,207.95
2006,31,Kings,3624.0,10.98,39800.0,259.35
2006,33,Lake,7842.0,4.48,35153.0,1229.04
2006,39,Madera,54200.0,8.97,486375.0,193.81
2006,41,Marin,118.0,1.86,219.0,2273.52
2006,43,Mariposa,100.0,1.02,102.0,1212.75
2006,45,Mendocino,16142.0,4.4,70948.0,1237.0
2006,47,Merced,11397.0,9.93,113138.0,237.65
2006,53,Monterey,38165.0,5.5,210000.0,1038.01
2006,55,Napa,42188.0,3.62,152776.0,3070.33
2006,57,Nevada,358.0,3.71,1329.0,1170.28
2006,61,Placer,189.0,2.57,485.0,974.43
2006,65,Riverside,1500.0,2.4,3600.0,1111.0
2006,67,Sacramento,25496.0,7.0,178472.0,408.7
2006,69,SanBenito,3788.0,4.2,15910.0,1229.98
2006,71,SanBernardino,136.0,4.91,668.0,842.37
2006,73,SanDiego,309.0,2.1,649.0,797.84
2006,77,SanJoaquin,92501.0,0.06,5610.0,36342.07
2006,79,SanLuisObispo,34662.0,4.27,148005.0,1026.92
2006,81,SanMateo,89.0,,,
2006,83,SantaBarbara,20829.0,4.43,92272.0,1163.71
2006,85,SantaClara,1750.0,3.8,6650.0,1120.0
2006,87,SantaCruz,600.0,3.0,1800.0,2390.0
2006,95,Solano,4293.0,2.89,12400.0,750.11
2006,97,Sonoma,55507.0,3.9,216248.0,1990.76
2006,105,Trinity,114.0,,,
2006,107,Tulare,19360.0,8.98,173930.0,208.41
2006,113,Yolo,10156.0,6.69,67944.0,559.98
2006,115,Yuba,84.0,1.79,150.0,1326.67
2005,1,Alameda,2169.0,4.24,9189.0,930.68
2005,5,Amador,3874.0,3.42,13249.0,995.08
2005,9,Calaveras,500.0,2.6,1300.0,1200.0
2005,17,ElDorado,1906.0,2.44,4642.0,1064.2
2005,19,Fresno,77598.0,11.32,878500.0,223.29
2005,29,Kern,36167.0,10.66,385430.0,220.18
2005,31,Kings,3717.0,12.65,47009.0,239.08
2005,33,Lake,7518.0,4.26,31995.0,1192.35
2005,39,Madera,57600.0,10.73,618250.0,226.09
2005,41,Marin,108.0,1.04,112.0,2371.43
2005,43,Mariposa,88.0,1.36,120.0,1183.33
2005,45,Mendocino,16084.0,3.85,61962.0,1171.01
2005,47,Merced,11542.0,10.71,123574.0,278.11
2005,53,Monterey,38179.0,7.05,269000.0,946.52
2005,55,Napa,41910.0,4.32,181025.0,2987.43
2005,57,Nevada,350.0,3.72,1302.0,1294.55
2005,61,Placer,230.0,2.24,515.0,781.94
2005,65,Riverside,1650.0,2.5,4125.0,963.01
2005,67,Sacramento,28045.0,8.7,243992.0,443.2
2005,69,SanBenito,3672.0,4.58,16818.0,1188.01
2005,71,SanBernardino,142.0,8.06,1145.0,1018.08
2005,73,SanDiego,268.0,2.3,616.0,634.42
2005,77,SanJoaquin,95669.0,7.36,703870.0,410.1
2005,79,SanLuisObispo,33690.0,5.9,198819.0,977.64
2005,81,SanMateo,88.0,,,
2005,83,SantaBarbara,20308.0,6.18,125503.0,1277.78
2005,85,SantaClara,1720.0,4.0,6880.0,1061.05
2005,87,SantaCruz,575.0,1.39,799.0,2200.25
2005,95,Solano,4291.0,3.75,16081.0,728.07
2005,97,Sonoma,57050.0,4.05,230910.0,1864.64
2005,105,Trinity,114.0,,,
2005,107,Tulare,22831.0,9.6,219270.0,217.17
2005,113,Yolo,8464.0,8.38,70930.0,591.67
2005,115,Yuba,105.0,0.84,88.0,1011.36
2004,1,Alameda,2526.0,3.6,9094.0,995.38
2004,5,Amador,3741.0,3.54,13243.0,1009.97
2004,9,Calaveras,500.0,2.4,1200.0,1050.0
2004,17,ElDorado,1710.0,2.46,4209.0,1094.84
2004,19,Fresno,96692.0,9.01,871000.0,226.31
2004,29,Kern,36542.0,8.69,317370.0,232.1
2004,31,Kings,3023.0,10.49,31720.0,237.3
2004,33,Lake,7076.0,3.94,27872.0,1139.17
2004,39,Madera,66200.0,9.25,612467.0,218.73
2004,41,Marin,110.0,1.26,139.0,1914.39
2004,43,Mariposa,99.0,0.92,91.0,1098.9
2004,45,Mendocino,15608.0,3.35,52252.0,1150.99
2004,47,Merced,10729.0,7.78,83485.0,251.46
2004,53,Monterey,38614.0,4.45,172000.0,1013.84
2004,55,Napa,40439.0,2.96,119874.0,2915.56
2004,57,Nevada,349.0,4.11,1434.0,1527.68
2004,61,Placer,230.0,3.2,736.0,878.94
2004,65,Riverside,1640.0,2.18,3575.0,668.03
2004,67,Sacramento,25756.0,6.5,167414.0,444.6
2004,69,SanBenito,3636.0,3.32,12072.0,1567.01
2004,71,SanBernardino,147.0,4.27,627.0,708.77
2004,73,SanDiego,300.0,1.8,540.0,700.0
2004,77,SanJoaquin,83657.0,5.57,466331.0,403.09
2004,79,SanLuisObispo,31913.0,4.0,127788.0,997.24
2004,81,SanMateo,,,,
2004,83,SantaBarbara,17408.0,3.67,63887.0,1305.86
2004,85,SantaClara,1870.0,3.3,6171.0,994.98
2004,87,SantaCruz,572.0,1.2,686.0,2131.2
2004,95,Solano,4153.0,3.64,15118.0,676.75
2004,97,Sonoma,50010.0,3.31,165783.0,1882.64
2004,105,Trinity,114.0,,,
2004,107,Tulare,23764.0,9.65,229430.0,224.8
2004,113,Yolo,9909.0,6.13,60739.0,548.92
2004,115,Yuba,92.0,2.27,209.0,1315.79
2003,1,Alameda,2284.0,3.21,7325.0,1077.41
2003,5,Amador,3623.0,2.96,10724.0,982.0
2003,9,Calaveras,480.0,1.88,900.0,1000.0
2003,17,ElDorado,1678.0,2.36,3953.0,1120.67
2003,19,Fresno,72186.0,10.09,728500.0,166.12
2003,29,Kern,41476.0,7.72,320040.0,156.15
2003,31,Kings,3295.0,8.97,29555.0,173.1
2003,33,Lake,6219.0,4.26,26483.0,1183.1
2003,39,Madera,62600.0,9.47,593056.0,148.37
2003,41,Marin,74.0,1.57,116.0,1991.38
2003,43,Mariposa,93.0,0.88,82.0,1439.02
2003,45,Mendocino,15576.0,3.72,57960.0,1213.95
2003,47,Merced,11499.0,9.76,112253.0,259.89
2003,53,Monterey,34287.0,4.41,151344.0,1058.64
2003,55,Napa,39106.0,3.29,128814.0,2985.7
2003,57,Nevada,356.0,3.67,1307.0,1350.8
2003,61,Placer,200.0,1.76,352.0,1036.08
2003,65,Riverside,1266.0,3.29,4163.0,784.0
2003,67,Sacramento,23698.0,6.3,149297.0,422.0
2003,69,SanBenito,3163.0,4.57,14455.0,1510.0
2003,71,SanBernardino,180.0,3.77,679.0,657.44
2003,73,SanDiego,304.0,2.08,632.0,380.22
2003,77,SanJoaquin,82350.0,5.74,472800.0,368.52
2003,79,SanLuisObispo,29626.0,3.89,115188.0,1071.76
2003,81,SanMateo,60.0,,,
2003,83,SantaBarbara,16667.0,2.88,48001.0,1371.81
2003,85,SantaClara,1854.0,2.9,5377.0,1205.88
2003,87,SantaCruz,574.0,3.33,1911.0,1350.08
2003,95,Solano,4075.0,3.7,15060.0,664.46
2003,97,Sonoma,52176.0,3.08,160768.0,1967.2
2003,105,Trinity,114.0,,,
2003,107,Tulare,23886.0,9.21,220030.0,164.64
2003,113,Yolo,10334.0,6.76,69858.0,534.89
2003,115,Yuba,66.0,2.53,167.0,1323.35
2002,1,Alameda,2255.0,2.13,4793.0,1126.0
2002,5,Amador,3241.0,3.5,11343.0,980.0
2002,9,Calaveras,470.0,2.89,1360.0,971.0
2002,17,ElDorado,1464.0,2.77,4060.0,1153.0
2002,19,Fresno,85701.0,10.83,928100.0,141.0
2002,29,Kern,43436.0,8.87,385420.0,143.0
2002,31,Kings,3319.0,8.52,28294.0,162.0
2002,33,Lake,5465.0,4.57,24966.0,1292.0
2002,39,Madera,67600.0,10.23,691528.0,130.0
2002,41,Marin,82.0,1.77,145.0,1759.0
2002,43,Mariposa,84.0,1.17,98.0,1388.0
2002,45,Mendocino,15202.0,3.89,59128.0,1375.0
2002,47,Merced,11523.0,8.88,102284.0,275.0
2002,53,Monterey,37325.0,3.86,143947.0,1022.0
2002,55,Napa,37072.0,3.51,130099.0,2920.0
2002,57,Nevada,404.0,4.32,1746.0,1053.0
2002,61,Placer,130.0,3.0,390.0,1070.0
2002,65,Riverside,1250.0,4.16,5200.0,677.0
2002,67,Sacramento,26597.0,6.2,164901.0,448.0
2002,69,SanBenito,3079.0,3.2,9853.0,1585.0
2002,71,SanBernardino,205.0,3.12,639.0,672.0
2002,73,SanDiego,173.0,1.38,239.0,259.0
2002,77,SanJoaquin,83263.0,6.12,509355.0,416.0
2002,79,SanLuisObispo,25206.0,3.77,95101.0,1240.0
2002,81,SanMateo,64.0,,,
2002,83,SantaBarbara,16667.0,2.93,48834.0,1482.0
2002,85,SantaClara,1839.0,3.3,6069.0,1313.0
2002,87,SantaCruz,549.0,4.0,2196.0,1500.0
2002,95,Solano,4300.0,3.77,16191.0,817.0
2002,97,Sonoma,46587.0,3.93,183139.0,2055.0
2002,105,Trinity,,,140.0,1204.0
2002,107,Tulare,26597.0,9.71,258300.0,160.0
2002,113,Yolo,9699.0,7.63,74003.0,604.0
2002,115,Yuba,297.0,1.57,467.0,1096.0
2001,1,Alameda,3023.0,2.91,8797.0,1147.0
2001,9,Calaveras,470.0,2.72,1280.0,1200.0
2001,17,ElDorado,1244.0,2.87,3570.0,1209.0
2001,19,Fresno,76393.0,8.37,639180.0,167.0
2001,29,Kern,42511.0,7.12,302500.0,159.0
2001,31,Kings,3085.0,9.75,30088.0,169.0
2001,33,Lake,4889.0,4.55,22239.0,1292.0
2001,39,Madera,55970.0,8.45,473146.0,162.0
2001,41,Marin,95.0,2.4,228.0,2043.0
2001,43,Mariposa,73.0,1.56,114.0,1406.0
2001,45,Mendocino,14800.0,4.04,59808.0,1466.0
2001,47,Merced,14517.0,8.11,117727.0,209.0
2001,55,Napa,35095.0,3.6,126438.0,2802.0
2001,57,Nevada,348.0,3.0,1043.0,1192.0
2001,61,Placer,40.0,1.5,60.0,1350.0
2001,65,Riverside,2302.0,4.5,10359.0,900.0
2001,67,Sacramento,25802.0,6.0,154812.0,616.0
2001,69,SanBenito,2975.0,4.25,12644.0,1254.0
2001,71,SanBernardino,147.0,2.31,340.0,196.0
2001,73,SanDiego,180.0,1.87,337.0,250.0
2001,77,SanJoaquin,83908.0,6.91,579400.0,418.0
2001,79,SanLuisObispo,21614.0,4.82,104107.0,1326.0
2001,81,SanMateo,44.0,,,
2001,83,SantaBarbara,16634.0,5.52,91820.0,1289.0
2001,85,SantaClara,1750.0,3.78,6615.0,1408.0
2001,87,SantaCruz,466.0,3.5,1631.0,2270.0
2001,95,Solano,4072.0,4.0,16280.0,857.0
2001,97,Sonoma,43589.0,3.98,173583.0,2157.0
2001,105,Trinity,,,140.0,1204.0
2001,107,Tulare,23431.0,10.07,235900.0,222.0
2001,113,Yolo,10242.0,5.43,55614.0,598.0
2001,115,Yuba,236.0,1.38,326.0,979.0
2000,1,Alameda,2602.0,2.11,5483.0,1185.0
2000,9,Calaveras,470.0,3.6,1690.0,1000.0
2000,17,ElDorado,1165.0,2.92,3400.0,1194.0
2000,19,Fresno,75139.0,11.12,835310.0,177.0
2000,29,Kern,46809.0,8.86,414680.0,187.0
2000,31,Kings,3020.0,9.04,27311.0,162.0
2000,33,Lake,3858.0,5.06,19520.0,1281.0
2000,39,Madera,56410.0,9.92,559563.0,186.0
2000,41,Marin,94.0,1.24,117.0,2009.0
2000,43,Mariposa,71.0,1.7,121.0,1314.0
2000,45,Mendocino,12838.0,4.53,58106.0,1514.0
2000,47,Merced,14437.0,9.32,134583.0,288.0
2000,55,Napa,32365.0,4.23,136962.0,2464.0
2000,57,Nevada,303.0,3.57,1082.0,1096.0
2000,65,Riverside,2767.0,4.53,12532.0,974.0
2000,67,Sacramento,25024.0,7.1,177670.0,536.0
2000,69,SanBenito,2563.0,4.33,11100.0,1628.0
2000,71,SanBernardino,235.0,0.83,194.0,901.0
2000,73,SanDiego,175.0,1.84,322.0,300.0
2000,77,SanJoaquin,80711.0,7.74,624800.0,473.0
2000,79,SanLuisObispo,18801.0,5.39,101430.0,1328.0
2000,81,SanMateo,45.0,,,
2000,85,SantaClara,1749.0,3.9,6821.0,1521.0
2000,87,SantaCruz,477.0,1.61,768.0,2271.0
2000,95,Solano,3853.0,4.67,17999.0,1007.0
2000,97,Sonoma,42220.0,4.52,190789.0,2043.0
2000,105,Trinity,,,140.0,1204.0
2000,107,Tulare,27688.0,10.42,288490.0,207.0
2000,113,Yolo,9496.0,6.86,65143.0,627.0
2000,115,Yuba,390.0,1.62,632.0,1242.0
1999,1,Alameda,2018.0,3.57,7210.0,1182.0
1999,5,Amador,2831.0,4.1,11607.0,953.0
1999,9,Calaveras,320.0,3.88,1240.0,1140.0
1999,17,ElDorado,981.0,3.41,3345.0,1160.0
1999,19,Fresno,128613.0,5.4,693910.0,237.0
1999,29,Kern,49716.0,7.99,397400.0,259.0
1999,31,Kings,2263.0,15.44,34941.0,204.0
1999,33,Lake,4107.0,3.69,15168.0,1206.0
1999,39,Madera,54200.0,8.33,451416.0,252.0
1999,41,Marin,91.0,1.7,155.0,1935.0
1999,43,Mariposa,68.0,1.44,98.0,1082.0
1999,45,Mendocino,13994.0,4.19,58648.0,1455.0
1999,47,Merced,15050.0,6.97,104938.0,411.0
1999,55,Napa,30506.0,3.39,103526.0,2143.0
1999,57,Nevada,201.0,4.49,902.0,1031.0
1999,65,Riverside,2319.0,4.83,11212.0,906.0
1999,67,Sacramento,22630.0,6.9,156147.0,579.0
1999,69,SanBenito,2494.0,3.66,9128.0,1474.0
1999,71,SanBernardino,401.0,3.11,1246.0,634.0
1999,73,SanDiego,189.0,2.03,384.0,420.0
1999,77,SanJoaquin,82012.0,6.69,548800.0,523.0
1999,79,SanLuisObispo,16272.0,3.99,64932.0,1288.0
1999,81,SanMateo,40.0,,,
1999,83,SantaBarbara,14064.0,2.99,42051.0,1430.0
1999,85,SantaClara,1600.0,4.4,7040.0,1780.0
1999,87,SantaCruz,260.0,2.64,686.0,2204.0
1999,95,Solano,3390.0,3.93,13307.0,1062.0
1999,97,Sonoma,42227.0,3.37,142477.0,1890.0
1999,105,Trinity,,,140.0,1204.0
1999,107,Tulare,30969.0,9.63,298380.0,230.0
1999,113,Yolo,8704.0,6.17,53704.0,660.0
1999,115,Yuba,395.0,1.86,735.0,1346.0
1998,1,Alameda,2141.0,2.04,4370.0,1205.0
1998,5,Amador,2672.0,2.9,7749.0,910.0
1998,9,Calaveras,320.0,4.13,1320.0,900.0
1998,17,ElDorado,917.0,3.23,2961.0,1066.0
1998,19,Fresno,81747.0,9.3,760130.0,231.0
1998,29,Kern,44761.0,8.94,400310.0,259.0
1998,31,Kings,2168.0,13.52,29322.0,212.0
1998,33,Lake,3240.0,4.18,13535.0,1125.0
1998,39,Madera,50226.0,9.33,468541.0,236.0
1998,43,Mariposa,64.0,1.69,108.0,963.0
1998,45,Mendocino,12283.0,4.86,59647.0,1394.0
1998,47,Merced,14458.0,6.11,88283.0,526.0
1998,53,Monterey,32131.0,4.63,148860.0,1200.0
1998,55,Napa,30875.0,3.32,102355.0,1910.0
1998,57,Nevada,201.0,2.72,546.0,1105.0
1998,65,Riverside,1974.0,6.93,13680.0,987.0
1998,67,Sacramento,13387.0,6.8,91032.0,850.0
1998,69,SanBenito,2255.0,3.19,7194.0,1440.0
1998,71,SanBernardino,682.0,1.89,1290.0,533.0
1998,73,SanDiego,187.0,2.58,483.0,489.0
1998,77,SanJoaquin,76205.0,6.7,510400.0,531.0
1998,79,SanLuisObispo,11897.0,5.08,60388.0,1231.0
1998,81,SanMateo,54.0,,,
1998,83,SantaBarbara,10799.0,3.63,39200.0,1510.0
1998,85,SantaClara,1700.0,3.8,6460.0,1300.0
1998,87,SantaCruz,254.0,1.3,330.0,1533.0
1998,95,Solano,2711.0,4.07,11026.0,1037.0
1998,97,Sonoma,35334.0,3.77,133258.0,1740.0
1998,99,Stanislaus,13000.0,8.65,112500.0,342.0
1998,105,Trinity,85.0,,,
1998,107,Tulare,29477.0,9.16,269930.0,234.0
1998,113,Yolo,8410.0,7.37,61982.0,756.0
1998,115,Yuba,350.0,1.27,443.0,1388.0
1997,1,Alameda,1977.0,4.71,9308.0,1116.0
1997,5,Amador,2487.0,4.2,10445.0,895.0
1997,9,Calaveras,260.0,4.35,1130.0,1010.0
1997,17,ElDorado,876.0,4.15,3638.0,1044.0
1997,19,Fresno,87220.0,11.22,978930.0,225.0
1997,29,Kern,43137.0,10.31,444890.0,257.0
1997,31,Kings,2115.0,13.57,28707.0,269.0
1997,33,Lake,4744.0,2.96,14053.0,1155.0
1997,39,Madera,51428.0,11.79,606129.0,251.0
1997,43,Mariposa,76.0,2.12,161.0,1031.0
1997,45,Mendocino,12179.0,5.34,64984.0,1381.0
1997,47,Merced,13614.0,9.69,131857.0,435.0
1997,53,Monterey,28294.0,5.92,167488.0,1214.0
1997,55,Napa,31184.0,4.62,144217.0,1724.0
1997,57,Nevada,201.0,5.29,1063.0,1099.0
1997,65,Riverside,2085.0,6.35,13240.0,873.0
1997,67,Sacramento,9343.0,7.0,65401.0,640.0
1997,69,SanBenito,2125.0,5.55,11794.0,1381.0
1997,71,SanBernardino,736.0,4.87,3582.0,573.0
1997,73,SanDiego,187.0,2.99,559.0,508.0
1997,77,SanJoaquin,73225.0,7.9,578700.0,502.0
1997,79,SanLuisObispo,11128.0,6.24,69384.0,1206.0
1997,81,SanMateo,52.0,,,
1997,83,SantaBarbara,9369.0,4.63,43379.0,1184.0
1997,87,SantaCruz,245.0,4.4,1078.0,1955.0
1997,95,Solano,2199.0,6.55,14396.0,1115.0
1997,97,Sonoma,34121.0,5.5,187674.0,1589.0
1997,99,Stanislaus,13520.0,10.89,147200.0,310.0
1997,107,Tulare,31829.0,11.25,357950.0,226.0
1997,113,Yolo,6833.0,7.48,51112.0,731.0
1996,1,Alameda,1662.0,2.85,4730.0,1029.0
1996,5,Amador,2358.0,4.6,10847.0,871.0
1996,9,Calaveras,260.0,4.5,1170.0,945.0
1996,17,ElDorado,937.0,3.77,3532.0,889.0
1996,19,Fresno,86319.0,8.54,737490.0,230.0
1996,29,Kern,38934.0,8.71,339020.0,260.0
1996,31,Kings,2087.0,11.15,23268.0,253.0
1996,33,Lake,3842.0,2.42,9297.0,1013.0
1996,39,Madera,49857.0,9.61,479252.0,251.0
1996,43,Mariposa,82.0,1.85,152.0,998.0
1996,45,Mendocino,11739.0,4.31,50650.0,1175.0
1996,47,Merced,11990.0,6.57,78725.0,458.0
1996,53,Monterey,27873.0,4.27,118923.0,1090.0
1996,55,Napa,30919.0,3.24,100251.0,1512.0
1996,57,Nevada,201.0,4.26,856.0,1068.0
1996,65,Riverside,2032.0,5.21,10587.0,874.0
1996,67,Sacramento,7900.0,7.0,55300.0,650.0
1996,69,SanBenito,2125.0,3.62,7693.0,1259.0
1996,71,SanBernardino,1146.0,1.89,2162.0,591.0
1996,73,SanDiego,187.0,3.22,602.0,218.0
1996,77,SanJoaquin,68014.0,6.74,458200.0,517.0
1996,81,SanMateo,56.0,,,
1996,87,SantaCruz,245.0,2.1,514.0,1951.0
1996,95,Solano,2093.0,6.36,13312.0,1014.0
1996,97,Sonoma,33703.0,3.8,127990.0,1372.0
1996,99,Stanislaus,13560.0,8.47,114900.0,421.0
1996,107,Tulare,27127.0,9.47,256840.0,242.0
1996,113,Yolo,4540.0,4.65,21111.0,795.0
1995,1,Alameda,1709.0,1.9,3253.0,871.0
1995,5,Amador,2287.0,5.25,12007.0,716.0
1995,9,Calaveras,260.0,3.31,860.0,560.0
1995,17,ElDorado,817.0,3.9,3186.0,812.0
1995,19,Fresno,63633.0,10.11,643400.0,195.0
1995,29,Kern,37635.0,10.21,384130.0,221.0
1995,31,Kings,2057.0,6.0,12344.0,453.0
1995,33,Lake,2858.0,4.4,12589.0,829.0
1995,39,Madera,49522.0,9.4,465723.0,202.0
1995,43,Mariposa,57.0,1.3,74.0,693.0
1995,45,Mendocino,11745.0,4.7,55179.0,883.0
1995,47,Merced,11146.0,8.27,92151.0,269.0
1995,53,Monterey,28030.0,2.94,82321.0,963.0
1995,55,Napa,31514.0,3.49,109842.0,1310.0
1995,57,Nevada,201.0,2.46,495.0,1018.0
1995,65,Riverside,2048.0,2.75,5632.0,828.0
1995,67,Sacramento,7180.0,8.0,57440.0,600.0
1995,69,SanBenito,2125.0,3.57,7586.0,895.0
1995,71,SanBernardino,1165.0,0.91,1062.0,296.0
1995,73,SanDiego,187.0,2.85,533.0,220.0
1995,77,SanJoaquin,64520.0,8.09,521700.0,424.0
1995,79,SanLuisObispo,9380.0,5.08,47604.0,855.0
1995,81,SanMateo,56.0,,,
1995,85,SantaClara,1600.0,2.75,4400.0,750.0
1995,87,SantaCruz,180.0,1.11,200.0,1600.0
1995,95,Solano,2000.0,5.06,10112.0,746.0
1995,97,Sonoma,33189.0,4.22,139993.0,1135.0
1995,99,Stanislaus,13700.0,9.1,124700.0,239.0
1995,107,Tulare,23880.0,10.22,244040.0,206.0
1995,113,Yolo,4219.0,7.88,33253.0,599.0
1994,1,Alameda,2050.0,2.08,4261.0,899.0
1994,5,Amador,2212.0,3.28,7255.0,618.0
1994,9,Calaveras,260.0,2.5,650.0,600.0
1994,17,ElDorado,802.0,3.83,3068.0,655.0
1994,19,Fresno,46448.0,8.52,395800.0,170.0
1994,29,Kern,38223.0,8.74,334170.0,182.0
1994,31,Kings,1884.0,13.3,25049.0,219.0
1994,33,Lake,2932.0,3.34,9794.0,709.0
1994,39,Madera,49706.0,10.18,506242.0,163.0
1994,43,Mariposa,35.0,2.06,72.0,840.0
1994,45,Mendocino,12335.0,3.61,44582.0,731.0
1994,47,Merced,12896.0,8.81,113580.0,249.0
1994,53,Monterey,28167.0,4.24,119384.0,748.0
1994,55,Napa,32239.0,3.76,121292.0,1213.0
1994,57,Nevada,174.0,3.92,682.0,701.0
1994,65,Riverside,2048.0,4.31,8826.0,520.0
1994,67,Sacramento,6940.0,8.0,55520.0,450.0
1994,69,SanBenito,1665.0,3.96,6593.0,808.0
1994,71,SanBernardino,1221.0,2.81,3431.0,216.0
1994,73,SanDiego,162.0,3.01,488.0,478.0
1994,77,SanJoaquin,52330.0,7.31,382600.0,392.0
1994,79,SanLuisObispo,8750.0,4.52,39589.0,786.0
1994,81,SanMateo,54.0,,,
1994,85,SantaClara,1535.0,2.5,3838.0,760.0
1994,87,SantaCruz,188.0,0.81,152.0,1296.0
1994,95,Solano,1874.0,5.36,10039.0,626.0
1994,97,Sonoma,33766.0,4.53,153096.0,995.0
1994,99,Stanislaus,17500.0,9.53,166700.0,200.0
1994,107,Tulare,20769.0,9.0,186970.0,184.0
1994,113,Yolo,2092.0,6.51,13619.0,454.0
1993,1,Alameda,1572.0,2.7,4248.0,854.0
1993,5,Amador,2114.0,4.45,9407.0,531.0
1993,9,Calaveras,260.0,2.4,625.0,580.0
1993,19,Fresno,61022.0,10.93,667100.0,182.0
1993,29,Kern,40168.0,10.28,413000.0,202.0
1993,31,Kings,1712.0,12.26,20996.0,212.0
1993,33,Lake,2682.0,4.28,11466.0,703.0
1993,39,Madera,50308.0,10.28,517405.0,185.0
1993,43,Mariposa,60.0,2.13,128.0,863.0
1993,45,Mendocino,11591.0,5.2,60269.0,679.0
1993,47,Merced,13148.0,8.89,116940.0,239.0
1993,53,Monterey,26801.0,5.02,134408.0,759.0
1993,55,Napa,32034.0,3.48,111589.0,1205.0
1993,57,Nevada,174.0,3.42,595.0,713.0
1993,65,Riverside,1968.0,4.35,8561.0,458.0
1993,67,Sacramento,7300.0,6.0,43800.0,420.0
1993,69,SanBenito,1753.0,4.08,7152.0,751.0
1993,71,SanBernardino,1219.0,5.42,6603.0,184.0
1993,73,SanDiego,162.0,2.65,429.0,497.0
1993,77,SanJoaquin,47267.0,7.02,331950.0,376.0
1993,79,SanLuisObispo,8676.0,5.4,46878.0,735.0
1993,81,SanMateo,48.0,,,
1993,85,SantaClara,1455.0,2.75,4001.0,665.0
1993,87,SantaCruz,163.0,0.93,152.0,1678.0
1993,95,Solano,1884.0,3.92,7377.0,591.0
1993,97,Sonoma,31475.0,4.16,131039.0,952.0
1993,99,Stanislaus,17200.0,8.83,151900.0,214.0
1993,107,Tulare,25251.0,10.47,264420.0,193.0
1993,113,Yolo,1770.0,5.46,9664.0,416.0
1992,1,Alameda,1531.0,3.28,5028.0,890.0
1992,5,Amador,2013.0,4.09,8237.0,532.0
1992,9,Calaveras,260.0,2.12,550.0,612.0
1992,19,Fresno,77293.0,10.67,825100.0,195.0
1992,29,Kern,41624.0,9.22,383680.0,210.0
1992,31,Kings,2407.0,8.26,19891.0,193.0
1992,33,Lake,2682.0,4.28,11466.0,703.0
1992,39,Madera,52000.0,10.05,522509.0,203.0
1992,43,Mariposa,46.0,2.46,113.0,767.0
1992,45,Mendocino,11143.0,5.49,61135.0,724.0
1992,47,Merced,11331.0,9.53,108000.0,241.0
1992,53,Monterey,24241.0,4.18,101407.0,740.0
1992,55,Napa,31155.0,4.34,135256.0,1240.0
1992,57,Nevada,174.0,4.93,858.0,816.0
1992,65,Riverside,2128.0,3.13,6661.0,653.0
1992,67,Sacramento,7500.0,7.0,52500.0,410.0
1992,69,SanBenito,2025.0,4.62,9355.0,606.0
1992,71,SanBernardino,1290.0,2.89,3722.0,249.0
1992,73,SanDiego,162.0,4.71,763.0,285.0
1992,77,SanJoaquin,42330.0,7.75,328000.0,284.0
1992,79,SanLuisObispo,8327.0,5.01,41744.0,818.0
1992,83,SantaBarbara,9036.0,3.06,27650.0,1011.0
1992,85,SantaClara,1430.0,2.5,3575.0,690.0
1992,87,SantaCruz,96.0,1.44,138.0,1449.0
1992,95,Solano,1786.0,4.82,8614.0,633.0
1992,97,Sonoma,31263.0,4.73,148010.0,1004.0
1992,99,Stanislaus,19700.0,8.68,171000.0,225.0
1992,107,Tulare,34804.0,10.23,355890.0,186.0
1992,113,Yolo,1667.0,6.56,10936.0,399.0
1991,1,Alameda,1286.0,3.84,4938.0,867.0
1991,5,Amador,1638.0,3.32,5435.0,519.0
1991,9,Calaveras,230.0,2.61,600.0,525.0
1991,19,Fresno,32900.0,9.26,304780.0,162.0
1991,29,Kern,26588.0,7.86,209000.0,176.0
1991,31,Kings,1111.0,9.11,10121.0,147.0
1991,33,Lake,2421.0,5.01,12126.0,783.0
1991,39,Madera,49807.0,9.04,450387.0,155.0
1991,43,Mariposa,77.0,1.29,99.0,715.0
1991,45,Mendocino,11281.0,4.57,51551.0,707.0
1991,47,Merced,13326.0,8.13,108389.0,217.0
1991,53,Monterey,24150.0,4.23,102074.0,723.0
1991,55,Napa,29993.0,4.61,138322.0,1260.0
1991,57,Nevada,174.0,4.94,860.0,661.0
1991,65,Riverside,2211.0,3.07,6788.0,596.0
1991,67,Sacramento,6800.0,6.5,44200.0,380.0
1991,69,SanBenito,1773.0,4.19,7429.0,512.0
1991,71,SanBernardino,1260.0,1.47,1849.0,153.0
1991,73,SanDiego,136.0,3.45,469.0,285.0
1991,77,SanJoaquin,44000.0,7.0,308040.0,251.0
1991,79,SanLuisObispo,8100.0,5.32,43092.0,793.0
1991,83,SantaBarbara,8889.0,3.56,31645.0,1036.0
1991,85,SantaClara,1475.0,2.5,3688.0,570.0
1991,87,SantaCruz,110.0,1.6,176.0,1489.0
1991,95,Solano,1801.0,6.52,11747.0,584.0
1991,97,Sonoma,29421.0,4.95,145493.0,1016.0
1991,99,Stanislaus,18300.0,10.82,198000.0,177.0
1991,107,Tulare,11135.0,9.17,102080.0,180.0
1991,113,Yolo,1366.0,6.06,8278.0,364.0
1990,1,Alameda,1628.0,2.11,3435.0,880.0
1990,5,Amador,1650.0,3.42,5643.0,528.0
1990,9,Calaveras,150.0,2.4,360.0,550.0
1990,19,Fresno,33715.0,10.28,346750.0,158.0
1990,29,Kern,28704.0,8.74,251000.0,148.0
1990,31,Kings,1111.0,8.74,9710.0,155.0
1990,33,Lake,2545.0,3.14,7991.0,794.0
1990,39,Madera,49526.0,9.05,448032.0,151.0
1990,43,Mariposa,70.0,1.34,94.0,693.0
1990,45,Mendocino,11341.0,3.51,39779.0,713.0
1990,47,Merced,14186.0,8.66,122900.0,193.0
1990,53,Monterey,25248.0,3.96,100076.0,637.0
1990,55,Napa,28846.0,3.96,114304.0,1229.0
1990,57,Nevada,,,527.0,928.0
1990,65,Riverside,2211.0,3.2,7075.0,622.0
1990,67,Sacramento,6200.0,6.0,37200.0,320.0
1990,69,SanBenito,1800.0,3.65,6570.0,495.0
1990,71,SanBernardino,1300.0,1.39,1801.0,166.0
1990,73,SanDiego,134.0,2.99,400.0,261.0
1990,77,SanJoaquin,44234.0,7.6,336000.0,240.0
1990,79,SanLuisObispo,8150.0,4.41,35942.0,876.0
1990,83,SantaBarbara,8151.0,3.77,30729.0,1016.0
1990,85,SantaClara,1550.0,2.5,3875.0,555.0
1990,87,SantaCruz,120.0,2.0,240.0,1363.0
1990,95,Solano,1234.0,6.24,7702.0,553.0
1990,97,Sonoma,29473.0,3.8,111921.0,1004.0
1990,99,Stanislaus,17400.0,9.66,168000.0,170.0
1990,107,Tulare,10003.0,10.11,101150.0,155.0
1990,113,Yolo,1581.0,5.0,7905.0,297.0
1989,1,Alameda,1812.0,4.2,7615.0,713.0
1989,5,Amador,1595.0,3.77,6008.0,633.0
1989,9,Calaveras,150.0,2.33,350.0,629.0
1989,19,Fresno,34239.0,8.39,287300.0,186.0
1989,29,Kern,28905.0,8.44,244000.0,182.0
1989,31,Kings,954.0,8.04,7670.0,172.0
1989,33,Lake,2601.0,4.67,12143.0,936.0
1989,39,Madera,50908.0,9.06,461000.0,148.0
1989,45,Mendocino,11085.0,5.34,59168.0,771.0
1989,47,Merced,14464.0,7.93,114720.0,208.0
1989,53,Monterey,32646.0,2.74,89400.0,673.0
1989,55,Napa,27858.0,4.77,132849.0,1157.0
1989,57,Nevada,,,473.0,656.0
1989,61,Placer,111.0,2.58,286.0,434.0
1989,65,Riverside,2274.0,4.45,10119.0,641.0
1989,67,Sacramento,4720.0,5.51,26000.0,400.0
1989,69,SanBenito,1700.0,4.1,6970.0,475.0
1989,71,SanBernardino,2843.0,2.63,7467.0,196.0
1989,73,SanDiego,115.0,3.4,391.0,250.0
1989,77,SanJoaquin,45840.0,8.27,379000.0,303.0
1989,79,SanLuisObispo,7649.0,5.56,42528.0,857.0
1989,83,SantaBarbara,7613.0,3.71,28244.0,1068.0
1989,85,SantaClara,1500.0,2.75,4125.0,525.0
1989,87,SantaCruz,120.0,1.8,216.0,1449.0
1989,95,Solano,1234.0,6.63,8187.0,626.0
1989,97,Sonoma,29298.0,4.42,129544.0,944.0
1989,99,Stanislaus,16173.0,9.4,152000.0,172.0
1989,107,Tulare,10632.0,8.92,94880.0,193.0
1989,113,Yolo,1374.0,6.89,9460.0,272.0
1988,1,Alameda,1216.0,3.37,4094.0,378.0
1988,5,Amador,1550.0,3.52,5453.0,629.0
1988,9,Calaveras,150.0,2.8,420.0,521.0
1988,19,Fresno,34867.0,9.9,345100.0,167.0
1988,29,Kern,29418.0,9.93,292000.0,154.0
1988,31,Kings,800.0,9.0,7200.0,152.0
1988,33,Lake,3050.0,2.76,8406.0,750.0
1988,39,Madera,37822.0,9.52,359912.0,143.0
1988,45,Mendocino,10790.0,3.09,33364.0,646.0
1988,47,Merced,14563.0,8.16,118850.0,180.0
1988,53,Monterey,26844.0,3.1,83210.0,532.0
1988,55,Napa,29243.0,3.41,99777.0,982.0
1988,57,Nevada,,,223.0,502.0
1988,61,Placer,123.0,2.17,267.0,330.0
1988,65,Riverside,3508.0,3.32,11647.0,537.0
1988,67,Sacramento,4650.0,6.99,32500.0,480.0
1988,69,SanBenito,1700.0,3.9,6630.0,505.0
1988,71,SanBernardino,2825.0,2.94,8315.0,285.0
1988,73,SanDiego,75.0,1.31,98.0,249.0
1988,77,SanJoaquin,47014.0,9.46,444600.0,329.0
1988,79,SanLuisObispo,7255.0,4.5,32648.0,656.0
1988,83,SantaBarbara,9045.0,3.31,29895.0,711.0
1988,85,SantaClara,1500.0,2.5,3750.0,500.0
1988,87,SantaCruz,110.0,1.1,121.0,1149.0
1988,95,Solano,1096.0,3.52,3858.0,517.0
1988,97,Sonoma,29452.0,3.54,104161.0,805.0
1988,99,Stanislaus,17000.0,9.24,157040.0,168.0
1988,107,Tulare,11541.0,9.01,104040.0,167.0
1988,113,Yolo,1362.0,7.37,10038.0,312.0
1987,1,Alameda,1458.0,3.43,5006.0,358.0
1987,5,Amador,1650.0,3.71,6118.0,415.0
1987,9,Calaveras,135.0,2.22,300.0,400.0
1987,13,ContraCosta,879.0,1.6,1410.0,368.0
1987,17,ElDorado,116.0,2.4,278.0,497.0
1987,19,Fresno,35671.0,7.93,283000.0,149.0
1987,29,Kern,29133.0,7.5,218400.0,129.0
1987,31,Kings,1214.0,10.0,12140.0,140.0
1987,33,Lake,3000.0,3.46,10385.0,458.0
1987,39,Madera,38511.0,8.48,326698.0,138.0
1987,45,Mendocino,10574.0,3.71,39235.0,469.0
1987,47,Merced,14370.0,8.36,120100.0,157.0
1987,53,Monterey,24815.0,4.0,99325.0,405.0
1987,55,Napa,28970.0,3.46,100180.0,820.0
1987,57,Nevada,,,238.0,465.0
1987,61,Placer,125.0,2.13,266.0,395.0
1987,65,Riverside,3148.0,3.94,12403.0,407.0
1987,67,Sacramento,4530.0,6.0,27200.0,300.0
1987,69,SanBenito,1700.0,2.2,3740.0,455.0
1987,71,SanBernardino,3522.0,2.6,9140.0,190.0
1987,73,SanDiego,90.0,1.5,135.0,240.0
1987,77,SanJoaquin,31400.0,6.78,213000.0,229.0
1987,79,SanLuisObispo,6459.0,4.12,26611.0,479.0
1987,83,SantaBarbara,8646.0,3.08,26630.0,527.0
1987,85,SantaClara,1570.0,2.0,3140.0,415.0
1987,87,SantaCruz,105.0,0.9,95.0,895.0
1987,95,Solano,1138.0,3.17,3604.0,341.0
1987,97,Sonoma,28191.0,3.77,106205.0,636.0
1987,99,Stanislaus,16950.0,9.59,162550.0,142.0
1987,107,Tulare,13279.0,7.93,105250.0,127.0
1987,113,Yolo,1308.0,7.19,9404.0,237.0
1986,1,Alameda,1465.0,3.35,4908.0,356.0
1986,5,Amador,1597.0,3.4,5432.0,378.0
1986,9,Calaveras,135.0,2.22,300.0,340.0
1986,13,ContraCosta,877.0,2.24,1964.0,359.0
1986,17,ElDorado,116.0,3.0,348.0,760.0
1986,19,Fresno,37535.0,7.47,280300.0,138.0
1986,29,Kern,35937.0,6.22,223500.0,117.0
1986,31,Kings,1214.0,12.0,14568.0,125.0
1986,33,Lake,3005.0,3.79,11396.0,442.0
1986,39,Madera,40267.0,8.71,350734.0,112.0
1986,45,Mendocino,10494.0,4.09,42938.0,395.0
1986,47,Merced,13440.0,8.53,114600.0,136.0
1986,53,Monterey,27305.0,3.76,102706.0,348.0
1986,55,Napa,27653.0,4.09,113220.0,757.0
1986,57,Nevada,,,125.0,435.0
1986,61,Placer,126.0,2.06,260.0,276.0
1986,65,Riverside,3068.0,4.41,13530.0,393.0
1986,67,Sacramento,4100.0,8.0,32800.0,300.0
1986,69,SanBenito,2000.0,3.7,7400.0,400.0
1986,71,SanBernardino,4540.0,1.89,8600.0,120.0
1986,73,SanDiego,90.0,1.4,126.0,330.0
1986,77,SanJoaquin,34136.0,7.59,259000.0,191.0
1986,79,SanLuisObispo,6084.0,3.8,23119.0,412.0
1986,83,SantaBarbara,9510.0,2.75,26149.0,424.0
1986,85,SantaClara,1600.0,3.0,4800.0,400.0
1986,95,Solano,1061.0,4.5,4773.0,249.0
1986,97,Sonoma,28609.0,3.77,107992.0,579.0
1986,99,Stanislaus,17211.0,8.7,149800.0,125.0
1986,107,Tulare,14366.0,9.52,136820.0,114.0
1986,113,Yolo,1270.0,8.6,10917.0,229.0
1985,1,Alameda,1501.0,3.55,5336.0,338.0
1985,5,Amador,1568.0,3.14,4922.0,379.0
1985,13,ContraCosta,873.0,2.61,2278.0,290.0
1985,17,ElDorado,116.0,5.3,615.0,848.0
1985,19,Fresno,37851.0,10.62,401900.0,115.0
1985,29,Kern,33255.0,8.48,282000.0,90.0
1985,31,Kings,1117.0,11.9,13292.0,74.0
1985,33,Lake,2990.0,3.37,10073.0,414.0
1985,39,Madera,40100.0,7.54,302354.0,94.0
1985,45,Mendocino,10171.0,4.03,40993.0,396.0
1985,47,Merced,12803.0,8.36,107020.0,130.0
1985,53,Monterey,28647.0,4.25,121692.0,315.0
1985,55,Napa,25690.0,3.95,101407.0,772.0
1985,57,Nevada,,,62.0,405.0
1985,61,Placer,126.0,1.36,171.0,211.0
1985,65,Riverside,3006.0,3.71,11152.0,397.0
1985,67,Sacramento,4330.0,7.09,30700.0,132.0
1985,69,SanBenito,2600.0,3.5,9100.0,400.0
1985,71,SanBernardino,5960.0,2.26,13470.0,122.0
1985,73,SanDiego,115.0,1.6,184.0,210.0
1985,77,SanJoaquin,35470.0,8.03,285000.0,150.0
1985,79,SanLuisObispo,5480.0,4.4,24112.0,407.0
1985,83,SantaBarbara,7448.0,4.28,31877.0,360.0
1985,85,SantaClara,1525.0,3.0,4575.0,310.0
1985,95,Solano,1113.0,5.44,6058.0,259.0
1985,97,Sonoma,28099.0,3.59,100962.0,572.0
1985,99,Stanislaus,16250.0,8.15,132500.0,129.0
1985,107,Tulare,14479.0,9.44,136740.0,108.0
1985,113,Yolo,1169.0,6.2,7250.0,211.0
1984,1,Alameda,1672.0,3.16,5286.0,398.0
1984,5,Amador,1609.0,2.88,4641.0,409.0
1984,9,Calaveras,77.0,1.3,100.0,420.0
1984,13,ContraCosta,851.0,1.84,1566.0,302.0
1984,17,ElDorado,313.0,4.4,1377.0,416.0
1984,19,Fresno,34434.0,8.68,298900.0,138.0
1984,29,Kern,34861.0,6.95,242160.0,97.0
1984,31,Kings,1117.0,8.75,9774.0,100.0
1984,33,Lake,2775.0,3.57,9901.0,425.0
1984,39,Madera,36010.0,6.87,247389.0,95.0
1984,45,Mendocino,10384.0,3.72,38626.0,417.0
1984,47,Merced,17230.0,8.94,154000.0,121.0
1984,53,Monterey,29792.0,3.93,117020.0,359.0
1984,55,Napa,24831.0,4.03,99996.0,768.0
1984,57,Nevada,,,46.0,496.0
1984,61,Placer,129.0,2.05,265.0,193.0
1984,65,Riverside,2661.0,3.9,10378.0,335.0
1984,67,Sacramento,4200.0,7.0,29400.0,133.0
1984,69,SanBenito,4000.0,3.0,12000.0,390.0
1984,71,SanBernardino,6500.0,2.11,13740.0,111.0
1984,73,SanDiego,175.0,1.8,315.0,310.0
1984,77,SanJoaquin,35920.0,6.74,242000.0,170.0
1984,79,SanLuisObispo,5477.0,4.3,23551.0,398.0
1984,83,SantaBarbara,8670.0,3.85,33380.0,414.0
1984,85,SantaClara,1560.0,2.5,3900.0,300.0
1984,87,SantaCruz,103.0,1.55,160.0,825.0
1984,95,Solano,1054.0,5.34,5632.0,271.0
1984,97,Sonoma,26348.0,3.81,100293.0,592.0
1984,99,Stanislaus,16331.0,7.32,119600.0,113.0
1984,107,Tulare,14269.0,8.27,118000.0,160.0
1984,113,Yolo,969.0,6.73,6521.0,250.0
1983,1,Alameda,1640.0,3.07,5042.0,424.0
1983,5,Amador,1365.0,3.1,4232.0,396.0
1983,9,Calaveras,77.0,2.08,160.0,400.0
1983,13,ContraCosta,835.0,2.41,2012.0,355.0
1983,17,ElDorado,253.0,4.7,1189.0,436.0
1983,19,Fresno,32885.0,8.8,289400.0,160.0
1983,21,Glenn,875.0,6.75,5906.0,150.0
1983,29,Kern,33156.0,7.31,242220.0,101.0
1983,31,Kings,1290.0,7.3,9417.0,141.0
1983,33,Lake,2535.0,3.55,8995.0,409.0
1983,39,Madera,31616.0,9.0,284544.0,125.0
1983,45,Mendocino,10193.0,3.52,35850.0,408.0
1983,47,Merced,15979.0,7.41,118400.0,143.0
1983,53,Monterey,28112.0,3.4,95635.0,374.0
1983,55,Napa,25245.0,3.53,89084.0,714.0
1983,57,Nevada,,,23.0,500.0
1983,61,Placer,129.0,2.0,258.0,265.0
1983,65,Riverside,2583.0,4.12,10642.0,275.0
1983,67,Sacramento,3610.0,5.6,20200.0,170.0
1983,69,SanBenito,3950.0,3.4,13430.0,420.0
1983,71,SanBernardino,6600.0,2.59,17070.0,120.0
1983,73,SanDiego,213.0,1.9,405.0,415.0
1983,77,SanJoaquin,34350.0,6.32,217000.0,228.0
1983,79,SanLuisObispo,4977.0,3.9,19410.0,432.0
1983,83,SantaBarbara,8452.0,2.47,20876.0,563.0
1983,85,SantaClara,1645.0,2.0,3290.0,350.0
1983,87,SantaCruz,97.0,1.27,123.0,821.0
1983,95,Solano,1136.0,4.69,5329.0,261.0
1983,97,Sonoma,25541.0,3.14,80201.0,543.0
1983,99,Stanislaus,16312.0,7.51,122500.0,147.0
1983,107,Tulare,14045.0,9.04,127000.0,166.0
1983,113,Yolo,939.0,7.12,6686.0,285.0
1982,1,Alameda,1610.0,3.93,6326.0,528.0
1982,5,Amador,1154.0,3.46,3988.0,441.0
1982,9,Calaveras,77.0,1.82,140.0,400.0
1982,17,ElDorado,245.0,3.25,796.0,417.0
1982,19,Fresno,31691.0,11.19,354600.0,153.0
1982,21,Glenn,875.0,6.75,5906.0,150.0
1982,29,Kern,31972.0,10.43,333370.0,146.0
1982,31,Kings,1074.0,10.55,11331.0,124.0
1982,33,Lake,2616.0,3.27,8556.0,498.0
1982,39,Madera,27893.0,10.0,278930.0,140.0
1982,45,Mendocino,9667.0,4.7,45456.0,421.0
1982,47,Merced,12580.0,10.13,127400.0,143.0
1982,53,Monterey,24673.0,3.64,89735.0,462.0
1982,55,Napa,24168.0,4.08,98687.0,773.0
1982,61,Placer,129.0,1.22,157.0,303.0
1982,65,Riverside,2583.0,3.41,8810.0,249.0
1982,67,Sacramento,3410.0,2.99,10200.0,180.0
1982,69,SanBenito,4575.0,3.1,14180.0,400.0
1982,71,SanBernardino,6990.0,3.16,22110.0,183.0
1982,73,SanDiego,281.0,2.6,731.0,404.0
1982,77,SanJoaquin,33386.0,7.28,243000.0,167.0
1982,79,SanLuisObispo,4500.0,3.9,17550.0,602.0
1982,83,SantaBarbara,6382.0,2.95,18827.0,561.0
1982,85,SantaClara,1732.0,3.0,5195.0,400.0
1982,95,Solano,1164.0,4.78,5560.0,258.0
1982,97,Sonoma,24746.0,4.0,98979.0,565.0
1982,99,Stanislaus,19767.0,9.51,187900.0,119.0
1982,107,Tulare,13671.0,8.19,112000.0,187.0
1982,113,Yolo,501.0,9.1,4559.0,294.0
1981,1,Alameda,1725.0,2.82,4860.0,548.0
1981,5,Amador,930.0,3.18,2957.0,487.0
1981,9,Calaveras,57.0,0.88,50.0,450.0
1981,19,Fresno,34210.0,8.54,292000.0,205.0
1981,29,Kern,33840.0,7.97,269860.0,186.0
1981,31,Kings,1029.0,6.04,6215.0,230.0
1981,33,Lake,2678.0,2.69,7206.0,500.0
1981,39,Madera,27713.0,9.0,249417.0,195.0
1981,47,Merced,13536.0,7.8,105600.0,219.0
1981,55,Napa,22152.0,3.62,80155.0,732.0
1981,65,Riverside,2377.0,4.07,9667.0,404.0
1981,67,Sacramento,3350.0,6.99,23400.0,224.0
1981,69,SanBenito,4550.0,2.8,12750.0,500.0
1981,71,SanBernardino,8020.0,1.85,14840.0,162.0
1981,73,SanDiego,149.0,3.3,492.0,472.0
1981,77,SanJoaquin,31668.0,6.56,207600.0,254.0
1981,83,SantaBarbara,5496.0,2.78,15279.0,554.0
1981,95,Solano,1140.0,4.52,5154.0,328.0
1981,97,Sonoma,23776.0,3.39,80675.0,590.0
1981,99,Stanislaus,17550.0,6.81,119600.0,214.0
1981,107,Tulare,13431.0,9.48,127300.0,234.0
1981,113,Yolo,566.0,7.61,4307.0,362.0
1980,1,Alameda,1660.0,2.36,3918.0,542.0
1980,5,Amador,912.0,3.49,3183.0,450.0
1980,9,Calaveras,50.0,0.8,40.0,440.0
1980,19,Fresno,35170.0,10.21,359100.0,174.0
1980,29,Kern,36339.0,8.37,304000.0,152.0
1980,31,Kings,1122.0,7.9,8864.0,210.0
1980,33,Lake,2990.0,2.25,6722.0,462.0
1980,39,Madera,26251.0,9.5,249384.0,153.0
1980,47,Merced,13333.0,9.1,121300.0,176.0
1980,55,Napa,22261.0,3.6,80112.0,622.0
1980,65,Riverside,1701.0,4.77,8108.0,238.0
1980,67,Sacramento,3350.0,8.0,26800.0,210.0
1980,69,SanBenito,4500.0,3.0,13500.0,450.0
1980,71,SanBernardino,10060.0,3.0,30200.0,134.0
1980,73,SanDiego,164.0,2.1,344.0,279.0
1980,77,SanJoaquin,32639.0,5.61,183000.0,207.0
1980,83,SantaBarbara,5306.0,1.54,8171.0,499.0
1980,95,Solano,1138.0,3.99,4544.0,315.0
1980,97,Sonoma,23639.0,3.34,78941.0,506.0
1980,99,Stanislaus,17950.0,8.8,157900.0,183.0
1980,107,Tulare,15159.0,8.88,134600.0,170.0
1980,113,Yolo,566.0,8.7,4924.0,274.0
